{
  "project_info": {
    "project_number": "710004170927",
    "firebase_url": "https://kitter-40793-default-rtdb.firebaseio.com",
    "project_id": "kitter-40793",
    "storage_bucket": "kitter-40793.appspot.com"
  },
  "client": [
    {
      "client_info": {
        "mobilesdk_app_id": "1:710004170927:android:67fa48862bf3e7d15a345a",
        "android_client_info": {
          "package_name": "com.jamburger.kitter"
        }
      },
      "oauth_client": [
        {
          "client_id": "710004170927-u4gptfuv4kq1rupdqv81d2rmm0ia6bvu.apps.googleusercontent.com",
          "client_type": 1,
          "android_info": {
            "package_name": "com.jamburger.kitter",
            "certificate_hash": "f71082352213de66b092efcea7f9e9a4999fb46b"
          }
        },
        {
          "client_id": "710004170927-hf1p7mfq7c24u9hh3ns978ptoejbgjt5.apps.googleusercontent.com",
          "client_type": 3
        }
      ],
      "api_key": [
        {
          "current_key": "AIzaSyBTddTD_YHGLM_iyh6bF5TFnkEZPLc7jsc"
        }
      ],
      "services": {
        "appinvite_service": {
          "other_platform_oauth_client": [
            {
              "client_id": "710004170927-hf1p7mfq7c24u9hh3ns978ptoejbgjt5.apps.googleusercontent.com",
              "client_type": 3
            }
          ]
        }
      }
    }
  ],
  "configuration_version": "1"
}